{"train/loss": 0.0113, "train/grad_norm": 0.0, "train/learning_rate": 0.0001, "train/epoch": 10.0, "train/global_step": 20000, "_timestamp": 1711089596.834676, "_runtime": 13917.147506952286, "_step": 60, "train_loss": 0.10016842460127082, "train_runtime": 13918.7559, "train_samples_per_second": 11.495, "train_steps_per_second": 1.437, "train/train_precision": 1.0, "train/train_recall": 0.9993642720915448, "train/train_f1-score": 0.9996820349761526, "train/train_accuracy": 0.9999375, "eval/loss": 0.24608391523361206, "eval/precision": 0.9502617801047121, "eval/recall": 0.9331619537275064, "eval/f1-score": 0.9416342412451362, "eval/accuracy": 0.98875, "eval/runtime": 182.305, "eval/samples_per_second": 21.941, "eval/steps_per_second": 5.485, "total_flos": 6.244361172756726e+17}